{"train/lr": 0.001, "_timestamp": 1688614371.567879, "train/loss": 1.0501892566680908, "_runtime": 26.725527048110962, "_step": 0, "_wandb": {"runtime": 27}}