{"train/lr": 0.001, "_timestamp": 1688702654.508629, "train/loss": 0.09663292020559311, "train/train_l2": 0.10780709030687548, "train/train_epoch_duration": 1234.4736792426556, "_runtime": 74844.95348715782, "_step": 41}